producer,producerStageOrder,consumer,consumerStageOrder,producerStorageType,producerTasksPerNode,consumerStorageType,consumerTasksPerNode,SPM,estT_prod,estT_cons
stage_in-mutation_overlap,0.5,mutation_overlap,1.0,tmpfs,5,tmpfs,1,0.0007586894510598638,0.0,0.0007586894510598638
stage_in-mutation_overlap,0.5,mutation_overlap,1.0,tmpfs,10,tmpfs,1,0.0007586894510598638,0.0,0.0007586894510598638
stage_in-mutation_overlap,0.5,mutation_overlap,1.0,tmpfs,15,tmpfs,1,0.0007586894510598638,0.0,0.0007586894510598638
stage_in-mutation_overlap,0.5,mutation_overlap,1.0,tmpfs,20,tmpfs,1,0.0007586894510598638,0.0,0.0007586894510598638
stage_in-mutation_overlap,0.5,mutation_overlap,1.0,tmpfs,30,tmpfs,1,0.0007586894510598638,0.0,0.0007586894510598638
stage_in-mutation_overlap,0.5,mutation_overlap,1.0,tmpfs,35,tmpfs,1,0.0007586894510598638,0.0,0.0007586894510598638
stage_in-mutation_overlap,0.5,mutation_overlap,1.0,tmpfs,36,tmpfs,1,0.0007586894510598638,0.0,0.0007586894510598638
stage_in-mutation_overlap,0.5,mutation_overlap,1.0,tmpfs,50,tmpfs,1,0.0007586894510598638,0.0,0.0007586894510598638
stage_in-mutation_overlap,0.5,mutation_overlap,1.0,tmpfs,52,tmpfs,1,0.0007586894510598638,0.0,0.0007586894510598638
stage_in-mutation_overlap,0.5,mutation_overlap,1.0,tmpfs,54,tmpfs,1,0.0007586894510598638,0.0,0.0007586894510598638
stage_in-mutation_overlap,0.5,mutation_overlap,1.0,tmpfs,57,tmpfs,1,0.0007586894510598638,0.0,0.0007586894510598638
stage_in-mutation_overlap,0.5,mutation_overlap,1.0,tmpfs,58,tmpfs,1,0.0007586894510598638,0.0,0.0007586894510598638
stage_in-mutation_overlap,0.5,mutation_overlap,1.0,tmpfs,59,tmpfs,1,0.0007586894510598638,0.0,0.0007586894510598638
stage_in-mutation_overlap,0.5,mutation_overlap,1.0,tmpfs,60,tmpfs,1,0.0007586894510598638,0.0,0.0007586894510598638
stage_in-mutation_overlap,0.5,mutation_overlap,1.0,ssd,5,ssd,1,0.0022244981877407965,0.0,0.0022244981877407965
stage_in-mutation_overlap,0.5,mutation_overlap,1.0,ssd,10,ssd,1,0.0022244981877407965,0.0,0.0022244981877407965
stage_in-mutation_overlap,0.5,mutation_overlap,1.0,ssd,15,ssd,1,0.0022244981877407965,0.0,0.0022244981877407965
stage_in-mutation_overlap,0.5,mutation_overlap,1.0,ssd,20,ssd,1,0.0022244981877407965,0.0,0.0022244981877407965
stage_in-mutation_overlap,0.5,mutation_overlap,1.0,ssd,30,ssd,1,0.0022244981877407965,0.0,0.0022244981877407965
stage_in-mutation_overlap,0.5,mutation_overlap,1.0,ssd,35,ssd,1,0.0022244981877407965,0.0,0.0022244981877407965
stage_in-mutation_overlap,0.5,mutation_overlap,1.0,ssd,36,ssd,1,0.0022244981877407965,0.0,0.0022244981877407965
stage_in-mutation_overlap,0.5,mutation_overlap,1.0,ssd,50,ssd,1,0.0022244981877407965,0.0,0.0022244981877407965
stage_in-mutation_overlap,0.5,mutation_overlap,1.0,ssd,52,ssd,1,0.0022244981877407965,0.0,0.0022244981877407965
stage_in-mutation_overlap,0.5,mutation_overlap,1.0,ssd,54,ssd,1,0.0022244981877407965,0.0,0.0022244981877407965
stage_in-mutation_overlap,0.5,mutation_overlap,1.0,ssd,57,ssd,1,0.0022244981877407965,0.0,0.0022244981877407965
stage_in-mutation_overlap,0.5,mutation_overlap,1.0,ssd,58,ssd,1,0.0022244981877407965,0.0,0.0022244981877407965
stage_in-mutation_overlap,0.5,mutation_overlap,1.0,ssd,59,ssd,1,0.0022244981877407965,0.0,0.0022244981877407965
stage_in-mutation_overlap,0.5,mutation_overlap,1.0,ssd,60,ssd,1,0.0022244981877407965,0.0,0.0022244981877407965
stage_in-mutation_overlap,0.5,mutation_overlap,1.0,beegfs,5,beegfs,1,0.00260958104071099,0.0,0.00260958104071099
stage_in-mutation_overlap,0.5,mutation_overlap,1.0,beegfs,10,beegfs,1,0.00260958104071099,0.0,0.00260958104071099
stage_in-mutation_overlap,0.5,mutation_overlap,1.0,beegfs,15,beegfs,1,0.00260958104071099,0.0,0.00260958104071099
stage_in-mutation_overlap,0.5,mutation_overlap,1.0,beegfs,20,beegfs,1,0.00260958104071099,0.0,0.00260958104071099
stage_in-mutation_overlap,0.5,mutation_overlap,1.0,beegfs,30,beegfs,1,0.00260958104071099,0.0,0.00260958104071099
stage_in-mutation_overlap,0.5,mutation_overlap,1.0,beegfs,35,beegfs,1,0.00260958104071099,0.0,0.00260958104071099
stage_in-mutation_overlap,0.5,mutation_overlap,1.0,beegfs,36,beegfs,1,0.00260958104071099,0.0,0.00260958104071099
stage_in-mutation_overlap,0.5,mutation_overlap,1.0,beegfs,50,beegfs,1,0.00260958104071099,0.0,0.00260958104071099
stage_in-mutation_overlap,0.5,mutation_overlap,1.0,beegfs,52,beegfs,1,0.00260958104071099,0.0,0.00260958104071099
stage_in-mutation_overlap,0.5,mutation_overlap,1.0,beegfs,54,beegfs,1,0.00260958104071099,0.0,0.00260958104071099
stage_in-mutation_overlap,0.5,mutation_overlap,1.0,beegfs,57,beegfs,1,0.00260958104071099,0.0,0.00260958104071099
stage_in-mutation_overlap,0.5,mutation_overlap,1.0,beegfs,58,beegfs,1,0.00260958104071099,0.0,0.00260958104071099
stage_in-mutation_overlap,0.5,mutation_overlap,1.0,beegfs,59,beegfs,1,0.00260958104071099,0.0,0.00260958104071099
stage_in-mutation_overlap,0.5,mutation_overlap,1.0,beegfs,60,beegfs,1,0.00260958104071099,0.0,0.00260958104071099
stage_in-frequency,0.5,frequency,1.0,tmpfs,5,tmpfs,1,0.004612808146977419,0.0,0.004612808146977419
stage_in-frequency,0.5,frequency,1.0,tmpfs,10,tmpfs,1,0.004612808146977419,0.0,0.004612808146977419
stage_in-frequency,0.5,frequency,1.0,tmpfs,15,tmpfs,1,0.004612808146977419,0.0,0.004612808146977419
stage_in-frequency,0.5,frequency,1.0,tmpfs,20,tmpfs,1,0.004612808146977419,0.0,0.004612808146977419
stage_in-frequency,0.5,frequency,1.0,tmpfs,30,tmpfs,1,0.004612808146977419,0.0,0.004612808146977419
stage_in-frequency,0.5,frequency,1.0,tmpfs,35,tmpfs,1,0.004612808146977419,0.0,0.004612808146977419
stage_in-frequency,0.5,frequency,1.0,tmpfs,36,tmpfs,1,0.004612808146977419,0.0,0.004612808146977419
stage_in-frequency,0.5,frequency,1.0,tmpfs,50,tmpfs,1,0.004612808146977419,0.0,0.004612808146977419
stage_in-frequency,0.5,frequency,1.0,tmpfs,52,tmpfs,1,0.004612808146977419,0.0,0.004612808146977419
stage_in-frequency,0.5,frequency,1.0,tmpfs,54,tmpfs,1,0.004612808146977419,0.0,0.004612808146977419
stage_in-frequency,0.5,frequency,1.0,tmpfs,57,tmpfs,1,0.004612808146977419,0.0,0.004612808146977419
stage_in-frequency,0.5,frequency,1.0,tmpfs,58,tmpfs,1,0.004612808146977419,0.0,0.004612808146977419
stage_in-frequency,0.5,frequency,1.0,tmpfs,59,tmpfs,1,0.004612808146977419,0.0,0.004612808146977419
stage_in-frequency,0.5,frequency,1.0,tmpfs,60,tmpfs,1,0.004612808146977419,0.0,0.004612808146977419
stage_in-individuals_merge,0.5,individuals_merge,1.0,ssd,5,ssd,1,0.004748984851529508,0.0,0.004748984851529508
stage_in-individuals_merge,0.5,individuals_merge,1.0,ssd,10,ssd,1,0.004748984851529508,0.0,0.004748984851529508
stage_in-individuals_merge,0.5,individuals_merge,1.0,ssd,15,ssd,1,0.004748984851529508,0.0,0.004748984851529508
stage_in-individuals_merge,0.5,individuals_merge,1.0,ssd,20,ssd,1,0.004748984851529508,0.0,0.004748984851529508
stage_in-individuals_merge,0.5,individuals_merge,1.0,ssd,30,ssd,1,0.004748984851529508,0.0,0.004748984851529508
stage_in-individuals_merge,0.5,individuals_merge,1.0,ssd,35,ssd,1,0.004748984851529508,0.0,0.004748984851529508
stage_in-individuals_merge,0.5,individuals_merge,1.0,ssd,36,ssd,1,0.004748984851529508,0.0,0.004748984851529508
stage_in-individuals_merge,0.5,individuals_merge,1.0,ssd,50,ssd,1,0.004748984851529508,0.0,0.004748984851529508
stage_in-individuals_merge,0.5,individuals_merge,1.0,ssd,52,ssd,1,0.004748984851529508,0.0,0.004748984851529508
stage_in-individuals_merge,0.5,individuals_merge,1.0,ssd,54,ssd,1,0.004748984851529508,0.0,0.004748984851529508
stage_in-individuals_merge,0.5,individuals_merge,1.0,ssd,57,ssd,1,0.004748984851529508,0.0,0.004748984851529508
stage_in-individuals_merge,0.5,individuals_merge,1.0,ssd,58,ssd,1,0.004748984851529508,0.0,0.004748984851529508
stage_in-individuals_merge,0.5,individuals_merge,1.0,ssd,59,ssd,1,0.004748984851529508,0.0,0.004748984851529508
stage_in-individuals_merge,0.5,individuals_merge,1.0,ssd,60,ssd,1,0.004748984851529508,0.0,0.004748984851529508
stage_in-individuals_merge,0.5,individuals_merge,1.0,tmpfs,5,tmpfs,1,0.007059479699570792,0.0,0.007059479699570792
stage_in-individuals_merge,0.5,individuals_merge,1.0,tmpfs,10,tmpfs,1,0.007059479699570792,0.0,0.007059479699570792
stage_in-individuals_merge,0.5,individuals_merge,1.0,tmpfs,15,tmpfs,1,0.007059479699570792,0.0,0.007059479699570792
stage_in-individuals_merge,0.5,individuals_merge,1.0,tmpfs,20,tmpfs,1,0.007059479699570792,0.0,0.007059479699570792
stage_in-individuals_merge,0.5,individuals_merge,1.0,tmpfs,30,tmpfs,1,0.007059479699570792,0.0,0.007059479699570792
stage_in-individuals_merge,0.5,individuals_merge,1.0,tmpfs,35,tmpfs,1,0.007059479699570792,0.0,0.007059479699570792
stage_in-individuals_merge,0.5,individuals_merge,1.0,tmpfs,36,tmpfs,1,0.007059479699570792,0.0,0.007059479699570792
stage_in-individuals_merge,0.5,individuals_merge,1.0,tmpfs,50,tmpfs,1,0.007059479699570792,0.0,0.007059479699570792
stage_in-individuals_merge,0.5,individuals_merge,1.0,tmpfs,52,tmpfs,1,0.007059479699570792,0.0,0.007059479699570792
stage_in-individuals_merge,0.5,individuals_merge,1.0,tmpfs,54,tmpfs,1,0.007059479699570792,0.0,0.007059479699570792
stage_in-individuals_merge,0.5,individuals_merge,1.0,tmpfs,57,tmpfs,1,0.007059479699570792,0.0,0.007059479699570792
stage_in-individuals_merge,0.5,individuals_merge,1.0,tmpfs,58,tmpfs,1,0.007059479699570792,0.0,0.007059479699570792
stage_in-individuals_merge,0.5,individuals_merge,1.0,tmpfs,59,tmpfs,1,0.007059479699570792,0.0,0.007059479699570792
stage_in-individuals_merge,0.5,individuals_merge,1.0,tmpfs,60,tmpfs,1,0.007059479699570792,0.0,0.007059479699570792
stage_in-frequency,0.5,frequency,1.0,beegfs,5,beegfs,1,0.01094049622092655,0.0,0.01094049622092655
stage_in-frequency,0.5,frequency,1.0,beegfs,10,beegfs,1,0.01094049622092655,0.0,0.01094049622092655
stage_in-frequency,0.5,frequency,1.0,beegfs,15,beegfs,1,0.01094049622092655,0.0,0.01094049622092655
stage_in-frequency,0.5,frequency,1.0,beegfs,20,beegfs,1,0.01094049622092655,0.0,0.01094049622092655
stage_in-frequency,0.5,frequency,1.0,beegfs,30,beegfs,1,0.01094049622092655,0.0,0.01094049622092655
stage_in-frequency,0.5,frequency,1.0,beegfs,35,beegfs,1,0.01094049622092655,0.0,0.01094049622092655
stage_in-frequency,0.5,frequency,1.0,beegfs,36,beegfs,1,0.01094049622092655,0.0,0.01094049622092655
stage_in-frequency,0.5,frequency,1.0,beegfs,50,beegfs,1,0.01094049622092655,0.0,0.01094049622092655
stage_in-frequency,0.5,frequency,1.0,beegfs,52,beegfs,1,0.01094049622092655,0.0,0.01094049622092655
stage_in-frequency,0.5,frequency,1.0,beegfs,54,beegfs,1,0.01094049622092655,0.0,0.01094049622092655
stage_in-frequency,0.5,frequency,1.0,beegfs,57,beegfs,1,0.01094049622092655,0.0,0.01094049622092655
stage_in-frequency,0.5,frequency,1.0,beegfs,58,beegfs,1,0.01094049622092655,0.0,0.01094049622092655
stage_in-frequency,0.5,frequency,1.0,beegfs,59,beegfs,1,0.01094049622092655,0.0,0.01094049622092655
stage_in-frequency,0.5,frequency,1.0,beegfs,60,beegfs,1,0.01094049622092655,0.0,0.01094049622092655
stage_in-individuals_merge,0.5,individuals_merge,1.0,beegfs,5,beegfs,1,0.024399890962709957,0.0,0.024399890962709957
stage_in-individuals_merge,0.5,individuals_merge,1.0,beegfs,10,beegfs,1,0.024399890962709957,0.0,0.024399890962709957
stage_in-individuals_merge,0.5,individuals_merge,1.0,beegfs,15,beegfs,1,0.024399890962709957,0.0,0.024399890962709957
stage_in-individuals_merge,0.5,individuals_merge,1.0,beegfs,20,beegfs,1,0.024399890962709957,0.0,0.024399890962709957
stage_in-individuals_merge,0.5,individuals_merge,1.0,beegfs,30,beegfs,1,0.024399890962709957,0.0,0.024399890962709957
stage_in-individuals_merge,0.5,individuals_merge,1.0,beegfs,35,beegfs,1,0.024399890962709957,0.0,0.024399890962709957
stage_in-individuals_merge,0.5,individuals_merge,1.0,beegfs,36,beegfs,1,0.024399890962709957,0.0,0.024399890962709957
stage_in-individuals_merge,0.5,individuals_merge,1.0,beegfs,50,beegfs,1,0.024399890962709957,0.0,0.024399890962709957
stage_in-individuals_merge,0.5,individuals_merge,1.0,beegfs,52,beegfs,1,0.024399890962709957,0.0,0.024399890962709957
stage_in-individuals_merge,0.5,individuals_merge,1.0,beegfs,54,beegfs,1,0.024399890962709957,0.0,0.024399890962709957
stage_in-individuals_merge,0.5,individuals_merge,1.0,beegfs,57,beegfs,1,0.024399890962709957,0.0,0.024399890962709957
stage_in-individuals_merge,0.5,individuals_merge,1.0,beegfs,58,beegfs,1,0.024399890962709957,0.0,0.024399890962709957
stage_in-individuals_merge,0.5,individuals_merge,1.0,beegfs,59,beegfs,1,0.024399890962709957,0.0,0.024399890962709957
stage_in-individuals_merge,0.5,individuals_merge,1.0,beegfs,60,beegfs,1,0.024399890962709957,0.0,0.024399890962709957
stage_in-frequency,0.5,frequency,1.0,ssd,5,ssd,1,0.029038056726342524,0.0,0.029038056726342524
stage_in-frequency,0.5,frequency,1.0,ssd,10,ssd,1,0.029038056726342524,0.0,0.029038056726342524
stage_in-frequency,0.5,frequency,1.0,ssd,15,ssd,1,0.029038056726342524,0.0,0.029038056726342524
stage_in-frequency,0.5,frequency,1.0,ssd,20,ssd,1,0.029038056726342524,0.0,0.029038056726342524
stage_in-frequency,0.5,frequency,1.0,ssd,30,ssd,1,0.029038056726342524,0.0,0.029038056726342524
stage_in-frequency,0.5,frequency,1.0,ssd,35,ssd,1,0.029038056726342524,0.0,0.029038056726342524
stage_in-frequency,0.5,frequency,1.0,ssd,36,ssd,1,0.029038056726342524,0.0,0.029038056726342524
stage_in-frequency,0.5,frequency,1.0,ssd,50,ssd,1,0.029038056726342524,0.0,0.029038056726342524
stage_in-frequency,0.5,frequency,1.0,ssd,52,ssd,1,0.029038056726342524,0.0,0.029038056726342524
stage_in-frequency,0.5,frequency,1.0,ssd,54,ssd,1,0.029038056726342524,0.0,0.029038056726342524
stage_in-frequency,0.5,frequency,1.0,ssd,57,ssd,1,0.029038056726342524,0.0,0.029038056726342524
stage_in-frequency,0.5,frequency,1.0,ssd,58,ssd,1,0.029038056726342524,0.0,0.029038056726342524
stage_in-frequency,0.5,frequency,1.0,ssd,59,ssd,1,0.029038056726342524,0.0,0.029038056726342524
stage_in-frequency,0.5,frequency,1.0,ssd,60,ssd,1,0.029038056726342524,0.0,0.029038056726342524
stage_in-individuals,0.5,individuals,1.0,ssd,5,ssd,30,0.04792121182399021,0.0,0.04792121182399021
stage_in-individuals,0.5,individuals,1.0,ssd,10,ssd,30,0.04792121182399021,0.0,0.04792121182399021
stage_in-individuals,0.5,individuals,1.0,ssd,15,ssd,30,0.04792121182399021,0.0,0.04792121182399021
stage_in-individuals,0.5,individuals,1.0,ssd,20,ssd,30,0.04792121182399021,0.0,0.04792121182399021
stage_in-individuals,0.5,individuals,1.0,ssd,30,ssd,30,0.04792121182399021,0.0,0.04792121182399021
stage_in-individuals,0.5,individuals,1.0,ssd,35,ssd,30,0.04792121182399021,0.0,0.04792121182399021
stage_in-individuals,0.5,individuals,1.0,ssd,36,ssd,30,0.04792121182399021,0.0,0.04792121182399021
stage_in-individuals,0.5,individuals,1.0,ssd,50,ssd,30,0.04792121182399021,0.0,0.04792121182399021
stage_in-individuals,0.5,individuals,1.0,ssd,52,ssd,30,0.04792121182399021,0.0,0.04792121182399021
stage_in-individuals,0.5,individuals,1.0,ssd,54,ssd,30,0.04792121182399021,0.0,0.04792121182399021
stage_in-individuals,0.5,individuals,1.0,ssd,57,ssd,30,0.04792121182399021,0.0,0.04792121182399021
stage_in-individuals,0.5,individuals,1.0,ssd,58,ssd,30,0.04792121182399021,0.0,0.04792121182399021
stage_in-individuals,0.5,individuals,1.0,ssd,59,ssd,30,0.04792121182399021,0.0,0.04792121182399021
stage_in-individuals,0.5,individuals,1.0,ssd,60,ssd,30,0.04792121182399021,0.0,0.04792121182399021
stage_in-individuals,0.5,individuals,1.0,tmpfs,5,tmpfs,30,0.0549227774571394,0.0,0.0549227774571394
stage_in-individuals,0.5,individuals,1.0,tmpfs,10,tmpfs,30,0.0549227774571394,0.0,0.0549227774571394
stage_in-individuals,0.5,individuals,1.0,tmpfs,15,tmpfs,30,0.0549227774571394,0.0,0.0549227774571394
stage_in-individuals,0.5,individuals,1.0,tmpfs,20,tmpfs,30,0.0549227774571394,0.0,0.0549227774571394
stage_in-individuals,0.5,individuals,1.0,tmpfs,30,tmpfs,30,0.0549227774571394,0.0,0.0549227774571394
stage_in-individuals,0.5,individuals,1.0,tmpfs,35,tmpfs,30,0.0549227774571394,0.0,0.0549227774571394
stage_in-individuals,0.5,individuals,1.0,tmpfs,36,tmpfs,30,0.0549227774571394,0.0,0.0549227774571394
stage_in-individuals,0.5,individuals,1.0,tmpfs,50,tmpfs,30,0.0549227774571394,0.0,0.0549227774571394
stage_in-individuals,0.5,individuals,1.0,tmpfs,52,tmpfs,30,0.0549227774571394,0.0,0.0549227774571394
stage_in-individuals,0.5,individuals,1.0,tmpfs,54,tmpfs,30,0.0549227774571394,0.0,0.0549227774571394
stage_in-individuals,0.5,individuals,1.0,tmpfs,57,tmpfs,30,0.0549227774571394,0.0,0.0549227774571394
stage_in-individuals,0.5,individuals,1.0,tmpfs,58,tmpfs,30,0.0549227774571394,0.0,0.0549227774571394
stage_in-individuals,0.5,individuals,1.0,tmpfs,59,tmpfs,30,0.0549227774571394,0.0,0.0549227774571394
stage_in-individuals,0.5,individuals,1.0,tmpfs,60,tmpfs,30,0.0549227774571394,0.0,0.0549227774571394
stage_in-sifting,0.5,sifting,1.0,ssd,5,ssd,1,0.1745151272788752,0.0,0.1745151272788752
stage_in-sifting,0.5,sifting,1.0,ssd,10,ssd,1,0.1745151272788752,0.0,0.1745151272788752
stage_in-sifting,0.5,sifting,1.0,ssd,15,ssd,1,0.1745151272788752,0.0,0.1745151272788752
stage_in-sifting,0.5,sifting,1.0,ssd,20,ssd,1,0.1745151272788752,0.0,0.1745151272788752
stage_in-sifting,0.5,sifting,1.0,ssd,30,ssd,1,0.1745151272788752,0.0,0.1745151272788752
stage_in-sifting,0.5,sifting,1.0,ssd,35,ssd,1,0.1745151272788752,0.0,0.1745151272788752
stage_in-sifting,0.5,sifting,1.0,ssd,36,ssd,1,0.1745151272788752,0.0,0.1745151272788752
stage_in-sifting,0.5,sifting,1.0,ssd,50,ssd,1,0.1745151272788752,0.0,0.1745151272788752
stage_in-sifting,0.5,sifting,1.0,ssd,52,ssd,1,0.1745151272788752,0.0,0.1745151272788752
stage_in-sifting,0.5,sifting,1.0,ssd,54,ssd,1,0.1745151272788752,0.0,0.1745151272788752
stage_in-sifting,0.5,sifting,1.0,ssd,57,ssd,1,0.1745151272788752,0.0,0.1745151272788752
stage_in-sifting,0.5,sifting,1.0,ssd,58,ssd,1,0.1745151272788752,0.0,0.1745151272788752
stage_in-sifting,0.5,sifting,1.0,ssd,59,ssd,1,0.1745151272788752,0.0,0.1745151272788752
stage_in-sifting,0.5,sifting,1.0,ssd,60,ssd,1,0.1745151272788752,0.0,0.1745151272788752
stage_in-sifting,0.5,sifting,1.0,tmpfs,5,tmpfs,1,0.26187402485487965,0.0,0.26187402485487965
stage_in-sifting,0.5,sifting,1.0,tmpfs,10,tmpfs,1,0.26187402485487965,0.0,0.26187402485487965
stage_in-sifting,0.5,sifting,1.0,tmpfs,15,tmpfs,1,0.26187402485487965,0.0,0.26187402485487965
stage_in-sifting,0.5,sifting,1.0,tmpfs,20,tmpfs,1,0.26187402485487965,0.0,0.26187402485487965
stage_in-sifting,0.5,sifting,1.0,tmpfs,30,tmpfs,1,0.26187402485487965,0.0,0.26187402485487965
stage_in-sifting,0.5,sifting,1.0,tmpfs,35,tmpfs,1,0.26187402485487965,0.0,0.26187402485487965
stage_in-sifting,0.5,sifting,1.0,tmpfs,36,tmpfs,1,0.26187402485487965,0.0,0.26187402485487965
stage_in-sifting,0.5,sifting,1.0,tmpfs,50,tmpfs,1,0.26187402485487965,0.0,0.26187402485487965
stage_in-sifting,0.5,sifting,1.0,tmpfs,52,tmpfs,1,0.26187402485487965,0.0,0.26187402485487965
stage_in-sifting,0.5,sifting,1.0,tmpfs,54,tmpfs,1,0.26187402485487965,0.0,0.26187402485487965
stage_in-sifting,0.5,sifting,1.0,tmpfs,57,tmpfs,1,0.26187402485487965,0.0,0.26187402485487965
stage_in-sifting,0.5,sifting,1.0,tmpfs,58,tmpfs,1,0.26187402485487965,0.0,0.26187402485487965
stage_in-sifting,0.5,sifting,1.0,tmpfs,59,tmpfs,1,0.26187402485487965,0.0,0.26187402485487965
stage_in-sifting,0.5,sifting,1.0,tmpfs,60,tmpfs,1,0.26187402485487965,0.0,0.26187402485487965
stage_in-individuals,0.5,individuals,1.0,beegfs,5,beegfs,30,0.4399620009456786,0.0,0.4399620009456786
stage_in-individuals,0.5,individuals,1.0,beegfs,10,beegfs,30,0.4399620009456786,0.0,0.4399620009456786
stage_in-individuals,0.5,individuals,1.0,beegfs,15,beegfs,30,0.4399620009456786,0.0,0.4399620009456786
stage_in-individuals,0.5,individuals,1.0,beegfs,20,beegfs,30,0.4399620009456786,0.0,0.4399620009456786
stage_in-individuals,0.5,individuals,1.0,beegfs,30,beegfs,30,0.4399620009456786,0.0,0.4399620009456786
stage_in-individuals,0.5,individuals,1.0,beegfs,35,beegfs,30,0.4399620009456786,0.0,0.4399620009456786
stage_in-individuals,0.5,individuals,1.0,beegfs,36,beegfs,30,0.4399620009456786,0.0,0.4399620009456786
stage_in-individuals,0.5,individuals,1.0,beegfs,50,beegfs,30,0.4399620009456786,0.0,0.4399620009456786
stage_in-individuals,0.5,individuals,1.0,beegfs,52,beegfs,30,0.4399620009456786,0.0,0.4399620009456786
stage_in-individuals,0.5,individuals,1.0,beegfs,54,beegfs,30,0.4399620009456786,0.0,0.4399620009456786
stage_in-individuals,0.5,individuals,1.0,beegfs,57,beegfs,30,0.4399620009456786,0.0,0.4399620009456786
stage_in-individuals,0.5,individuals,1.0,beegfs,58,beegfs,30,0.4399620009456786,0.0,0.4399620009456786
stage_in-individuals,0.5,individuals,1.0,beegfs,59,beegfs,30,0.4399620009456786,0.0,0.4399620009456786
stage_in-individuals,0.5,individuals,1.0,beegfs,60,beegfs,30,0.4399620009456786,0.0,0.4399620009456786
stage_in-sifting,0.5,sifting,1.0,beegfs,5,beegfs,1,0.993282733733404,0.0,0.993282733733404
stage_in-sifting,0.5,sifting,1.0,beegfs,10,beegfs,1,0.993282733733404,0.0,0.993282733733404
stage_in-sifting,0.5,sifting,1.0,beegfs,15,beegfs,1,0.993282733733404,0.0,0.993282733733404
stage_in-sifting,0.5,sifting,1.0,beegfs,20,beegfs,1,0.993282733733404,0.0,0.993282733733404
stage_in-sifting,0.5,sifting,1.0,beegfs,30,beegfs,1,0.993282733733404,0.0,0.993282733733404
stage_in-sifting,0.5,sifting,1.0,beegfs,35,beegfs,1,0.993282733733404,0.0,0.993282733733404
stage_in-sifting,0.5,sifting,1.0,beegfs,36,beegfs,1,0.993282733733404,0.0,0.993282733733404
stage_in-sifting,0.5,sifting,1.0,beegfs,50,beegfs,1,0.993282733733404,0.0,0.993282733733404
stage_in-sifting,0.5,sifting,1.0,beegfs,52,beegfs,1,0.993282733733404,0.0,0.993282733733404
stage_in-sifting,0.5,sifting,1.0,beegfs,54,beegfs,1,0.993282733733404,0.0,0.993282733733404
stage_in-sifting,0.5,sifting,1.0,beegfs,57,beegfs,1,0.993282733733404,0.0,0.993282733733404
stage_in-sifting,0.5,sifting,1.0,beegfs,58,beegfs,1,0.993282733733404,0.0,0.993282733733404
stage_in-sifting,0.5,sifting,1.0,beegfs,59,beegfs,1,0.993282733733404,0.0,0.993282733733404
stage_in-sifting,0.5,sifting,1.0,beegfs,60,beegfs,1,0.993282733733404,0.0,0.993282733733404
stage_in-individuals_merge,0.5,individuals_merge,1.0,ssd-ssd,4,ssd,1,1.6728318947451728,1.6680854168707033,0.0047464778744693865
stage_in-individuals_merge,0.5,individuals_merge,1.0,ssd-ssd,6,ssd,1,1.6788875402924204,1.674138555440891,0.004748984851529508
stage_in-individuals_merge,0.5,individuals_merge,1.0,tmpfs-tmpfs,4,tmpfs,1,1.6824591430162221,1.6754025755624529,0.0070565674537692484
stage_in-individuals_merge,0.5,individuals_merge,1.0,tmpfs-tmpfs,6,tmpfs,1,1.6879806200248046,1.6809211403252338,0.007059479699570792
stage_in-mutation_overlap,0.5,mutation_overlap,1.0,ssd-ssd,6,ssd,1,3.3774740824928364,3.3752495843050956,0.0022244981877407965
stage_in-mutation_overlap,0.5,mutation_overlap,1.0,tmpfs-tmpfs,6,tmpfs,1,3.3896827194804904,3.3889240300294303,0.0007586894510598638
stage_in-frequency,0.5,frequency,1.0,ssd-ssd,6,ssd,1,14.539109939159237,14.510071882432895,0.029038056726342524
stage_in-frequency,0.5,frequency,1.0,tmpfs-tmpfs,6,tmpfs,1,14.573470621947779,14.568857813800802,0.004612808146977419
stage_in-individuals_merge,0.5,individuals_merge,1.0,beegfs-ssd,6,ssd,1,270.3936930689447,270.38894408409317,0.004748984851529508
stage_in-sifting,0.5,sifting,1.0,beegfs-ssd,5,ssd,1,270.4205160781371,270.4194812946759,0.0010347834611798609
stage_in-individuals_merge,0.5,individuals_merge,1.0,beegfs-ssd,5,ssd,1,270.4242302795274,270.4194812946759,0.004748984851529508
stage_in-individuals,0.5,individuals,1.0,beegfs-ssd,6,ssd,30,270.4368652959172,270.38894408409317,0.04792121182399021
stage_in-individuals,0.5,individuals,1.0,beegfs-ssd,5,ssd,30,270.4674025064999,270.4194812946759,0.04792121182399021
stage_in-mutation_overlap,0.5,mutation_overlap,1.0,beegfs-ssd,6,ssd,1,270.4863815143337,270.48415701614596,0.0022244981877407965
stage_in-mutation_overlap,0.5,mutation_overlap,1.0,beegfs-ssd,5,ssd,1,270.5152144754715,270.51470497989527,0.0005094955762184518
stage_in-sifting,0.5,sifting,1.0,beegfs-ssd,6,ssd,1,270.56345921137205,270.38894408409317,0.1745151272788752
stage_in-frequency,0.5,frequency,1.0,beegfs-ssd,6,ssd,1,271.6611580165946,271.63211995986825,0.029038056726342524
stage_in-frequency,0.5,frequency,1.0,beegfs-ssd,5,ssd,1,271.6633070679347,271.66279757235844,0.0005094955762184518
stage_in-individuals,0.5,individuals,1.0,beegfs-ssd,4,ssd,30,285.04249062282776,285.0401372939949,0.002353328832828427
stage_in-individuals_merge,0.5,individuals_merge,1.0,beegfs-ssd,4,ssd,1,285.04488377186937,285.0401372939949,0.0047464778744693865
stage_in-individuals_merge,0.5,individuals_merge,1.0,beegfs-tmpfs,6,tmpfs,1,322.3770451297378,322.3699856500382,0.007059479699570792
stage_in-individuals,0.5,individuals,1.0,beegfs-tmpfs,6,tmpfs,30,322.4249084274953,322.3699856500382,0.0549227774571394
stage_in-mutation_overlap,0.5,mutation_overlap,1.0,beegfs-tmpfs,6,tmpfs,1,322.4842615235721,322.48350283412105,0.0007586894510598638
stage_in-sifting,0.5,sifting,1.0,beegfs-tmpfs,6,tmpfs,1,322.63185967489306,322.3699856500382,0.26187402485487965
stage_in-frequency,0.5,frequency,1.0,beegfs-tmpfs,6,tmpfs,1,323.856769227377,323.85215641923,0.004612808146977419
stage_in-sifting,0.5,sifting,1.0,beegfs-tmpfs,5,tmpfs,1,325.352745559449,325.35258123698014,0.00016432246883716316
stage_in-individuals_merge,0.5,individuals_merge,1.0,beegfs-tmpfs,5,tmpfs,1,325.35964071667973,325.35258123698014,0.007059479699570792
stage_in-individuals,0.5,individuals,1.0,beegfs-tmpfs,5,tmpfs,30,325.4075040144373,325.35258123698014,0.0549227774571394
stage_in-mutation_overlap,0.5,mutation_overlap,1.0,beegfs-tmpfs,5,tmpfs,1,325.4679073815298,325.46714869207875,0.0007586894510598638
stage_in-frequency,0.5,frequency,1.0,beegfs-tmpfs,5,tmpfs,1,326.84922387052166,326.8484651810706,0.0007586894510598638
stage_in-sifting,0.5,sifting,1.0,tmpfs-beegfs,5,beegfs,1,329.8643777026499,329.86398808786345,0.0003896147864368522
stage_in-individuals_merge,0.5,individuals_merge,1.0,tmpfs-beegfs,5,beegfs,1,329.88838797882613,329.86398808786345,0.024399890962709957
stage_in-individuals_merge,0.5,individuals_merge,1.0,tmpfs-beegfs,6,beegfs,1,329.88838797882613,329.86398808786345,0.024399890962709957
stage_in-mutation_overlap,0.5,mutation_overlap,1.0,tmpfs-beegfs,5,beegfs,1,329.982753740266,329.9801441592253,0.00260958104071099
stage_in-mutation_overlap,0.5,mutation_overlap,1.0,tmpfs-beegfs,6,beegfs,1,329.982753740266,329.9801441592253,0.00260958104071099
stage_in-individuals,0.5,individuals,1.0,tmpfs-beegfs,5,beegfs,30,330.30395008880913,329.86398808786345,0.4399620009456786
stage_in-individuals,0.5,individuals,1.0,tmpfs-beegfs,6,beegfs,30,330.30395008880913,329.86398808786345,0.4399620009456786
stage_in-sifting,0.5,sifting,1.0,tmpfs-beegfs,6,beegfs,1,330.85727082159684,329.86398808786345,0.993282733733404
stage_in-frequency,0.5,frequency,1.0,tmpfs-beegfs,5,beegfs,1,331.3832238522227,331.380614271182,0.00260958104071099
stage_in-frequency,0.5,frequency,1.0,tmpfs-beegfs,6,beegfs,1,331.39155476740297,331.380614271182,0.01094049622092655
stage_in-individuals,0.5,individuals,1.0,tmpfs-beegfs,4,beegfs,30,352.3043851566985,352.3030294550585,0.0013557016400139617
stage_in-individuals_merge,0.5,individuals_merge,1.0,tmpfs-beegfs,4,beegfs,1,352.3274293460212,352.3030294550585,0.024399890962709957
stage_in-individuals,0.5,individuals,1.0,beegfs-ssd,2,ssd,30,352.3984859091212,352.3961332952757,0.002352613845486172
stage_in-individuals_merge,0.5,individuals_merge,1.0,beegfs-ssd,2,ssd,1,352.40087918243137,352.3961332952757,0.004745887155634062
stage_in-sifting,0.5,sifting,1.0,beegfs-ssd,2,ssd,1,352.5706484225546,352.3961332952757,0.1745151272788752
stage_in-individuals,0.5,individuals,1.0,beegfs-tmpfs,4,tmpfs,30,390.5986951151711,390.5986101304355,8.498473563993436e-05
stage_in-individuals_merge,0.5,individuals_merge,1.0,beegfs-tmpfs,4,tmpfs,1,390.60566669788926,390.5986101304355,0.0070565674537692484
stage_in-individuals,0.5,individuals,1.0,tmpfs-beegfs,2,beegfs,30,423.6922643244187,423.6909086227787,0.0013557016400139617
stage_in-individuals_merge,0.5,individuals_merge,1.0,tmpfs-beegfs,2,beegfs,1,423.7153085137414,423.6909086227787,0.024399890962709957
stage_in-sifting,0.5,sifting,1.0,tmpfs-beegfs,2,beegfs,1,424.6841913565121,423.6909086227787,0.993282733733404
stage_in-individuals,0.5,individuals,1.0,beegfs-tmpfs,2,tmpfs,30,509.1964710411077,509.19638605836536,8.498274233170515e-05
stage_in-individuals_merge,0.5,individuals_merge,1.0,beegfs-tmpfs,2,tmpfs,1,509.203441939509,509.19638605836536,0.0070558811436126825
stage_in-sifting,0.5,sifting,1.0,beegfs-tmpfs,2,tmpfs,1,509.45826008322024,509.19638605836536,0.26187402485487965
stage_in-sifting,0.5,sifting,1.0,ssd-ssd,2,ssd,1,1252.9166875233605,1252.7421723960815,0.1745151272788752
stage_in-sifting,0.5,sifting,1.0,tmpfs-tmpfs,2,tmpfs,1,1254.8639537149254,1254.6020796900705,0.26187402485487965
stage_in-individuals,0.5,individuals,1.0,ssd-ssd,4,ssd,30,1302.3346499998743,1302.3322966710414,0.002353328832828427
stage_in-individuals,0.5,individuals,1.0,ssd-ssd,6,ssd,30,1302.890662382412,1302.8427411705882,0.04792121182399021
stage_in-individuals,0.5,individuals,1.0,tmpfs-tmpfs,4,tmpfs,30,1305.0248193108823,1305.0247343261467,8.498473563993436e-05
stage_in-individuals,0.5,individuals,1.0,tmpfs-tmpfs,6,tmpfs,30,1306.8184587637938,1306.7635359863366,0.0549227774571394
stage_in-individuals_merge,0.5,individuals_merge,1.0,ssd-beegfs,6,beegfs,1,1775.6493198210994,1775.6249199301367,0.024399890962709957
stage_in-individuals,0.5,individuals,1.0,ssd-beegfs,6,beegfs,30,1776.0648819310823,1775.6249199301367,0.4399620009456786
stage_in-mutation_overlap,0.5,mutation_overlap,1.0,ssd-beegfs,6,beegfs,1,1776.2527860482937,1776.250176467253,0.00260958104071099
stage_in-sifting,0.5,sifting,1.0,ssd-beegfs,6,beegfs,1,1776.61820266387,1775.6249199301367,0.993282733733404
stage_in-sifting,0.5,sifting,1.0,ssd-beegfs,5,beegfs,1,1778.7403763084928,1778.7399866937064,0.0003896147864368522
stage_in-individuals_merge,0.5,individuals_merge,1.0,ssd-beegfs,5,beegfs,1,1778.7643865846692,1778.7399866937064,0.024399890962709957
stage_in-individuals,0.5,individuals,1.0,ssd-beegfs,5,beegfs,30,1779.179948694652,1778.7399866937064,0.4399620009456786
stage_in-mutation_overlap,0.5,mutation_overlap,1.0,ssd-beegfs,5,beegfs,1,1779.3689497303826,1779.3663401493418,0.00260958104071099
stage_in-frequency,0.5,frequency,1.0,ssd-beegfs,6,beegfs,1,1783.7997077772895,1783.7887672810687,0.01094049622092655
stage_in-frequency,0.5,frequency,1.0,ssd-beegfs,5,beegfs,1,1786.9207658675334,1786.9181562864926,0.00260958104071099
stage_in-individuals,0.5,individuals,1.0,ssd-beegfs,4,beegfs,30,1794.2565876745205,1794.2552319728804,0.0013557016400139617
stage_in-individuals_merge,0.5,individuals_merge,1.0,ssd-beegfs,4,beegfs,1,1794.2796318638432,1794.2552319728804,0.024399890962709957
stage_in-individuals,0.5,individuals,1.0,ssd-beegfs,2,beegfs,30,1813.6526519209526,1813.6512962193126,0.0013557016400139617
stage_in-individuals_merge,0.5,individuals_merge,1.0,ssd-beegfs,2,beegfs,1,1813.6756961102753,1813.6512962193126,0.024399890962709957
stage_in-sifting,0.5,sifting,1.0,ssd-beegfs,2,beegfs,1,1814.644578953046,1813.6512962193126,0.993282733733404
sifting,1.0,frequency,1.0,tmpfs,1,tmpfs,1,0.000923011919897027,0.00016432246883716316,0.0007586894510598638
sifting,1.0,mutation_overlap,1.0,tmpfs,1,tmpfs,1,0.000923011919897027,0.00016432246883716316,0.0007586894510598638
individuals_merge,1.0,frequency,1.0,tmpfs,1,tmpfs,1,0.0009845155707936908,0.00022582611973382687,0.0007586894510598638
individuals_merge,1.0,mutation_overlap,1.0,tmpfs,1,tmpfs,1,0.0009845155707936908,0.00022582611973382687,0.0007586894510598638
sifting,1.0,frequency,1.0,ssd,1,ssd,1,0.0015442790373983127,0.0010347834611798609,0.0005094955762184518
sifting,1.0,mutation_overlap,1.0,ssd,1,ssd,1,0.0015442790373983127,0.0010347834611798609,0.0005094955762184518
individuals_merge,1.0,frequency,1.0,ssd,1,ssd,1,0.0019299835917260945,0.0014204880155076428,0.0005094955762184518
individuals_merge,1.0,mutation_overlap,1.0,ssd,1,ssd,1,0.0019299835917260945,0.0014204880155076428,0.0005094955762184518
sifting,1.0,frequency,1.0,beegfs,1,beegfs,1,0.002999195827147842,0.0003896147864368522,0.00260958104071099
sifting,1.0,mutation_overlap,1.0,beegfs,1,beegfs,1,0.002999195827147842,0.0003896147864368522,0.00260958104071099
individuals_merge,1.0,frequency,1.0,beegfs,1,beegfs,1,0.003144938526885787,0.0005353574861747971,0.00260958104071099
individuals_merge,1.0,mutation_overlap,1.0,beegfs,1,beegfs,1,0.003144938526885787,0.0005353574861747971,0.00260958104071099
individuals,1.0,individuals_merge,1.0,ssd,30,ssd,1,0.007102317161245681,0.0023533323097161734,0.004748984851529508
individuals,1.0,individuals_merge,1.0,tmpfs,30,tmpfs,1,0.0071444981125603916,8.501841298959961e-05,0.007059479699570792
individuals,1.0,individuals_merge,1.0,beegfs,30,beegfs,1,0.02575559260272392,0.0013557016400139617,0.024399890962709957
mutation_overlap,1.0,stage_out-mutation_overlap,1.5,tmpfs,1,tmpfs,5,0.0007586894510598638,0.0007586894510598638,0.0
mutation_overlap,1.0,stage_out-mutation_overlap,1.5,tmpfs,1,tmpfs,10,0.0007586894510598638,0.0007586894510598638,0.0
mutation_overlap,1.0,stage_out-mutation_overlap,1.5,tmpfs,1,tmpfs,15,0.0007586894510598638,0.0007586894510598638,0.0
mutation_overlap,1.0,stage_out-mutation_overlap,1.5,tmpfs,1,tmpfs,20,0.0007586894510598638,0.0007586894510598638,0.0
mutation_overlap,1.0,stage_out-mutation_overlap,1.5,tmpfs,1,tmpfs,30,0.0007586894510598638,0.0007586894510598638,0.0
mutation_overlap,1.0,stage_out-mutation_overlap,1.5,tmpfs,1,tmpfs,35,0.0007586894510598638,0.0007586894510598638,0.0
mutation_overlap,1.0,stage_out-mutation_overlap,1.5,tmpfs,1,tmpfs,36,0.0007586894510598638,0.0007586894510598638,0.0
mutation_overlap,1.0,stage_out-mutation_overlap,1.5,tmpfs,1,tmpfs,50,0.0007586894510598638,0.0007586894510598638,0.0
mutation_overlap,1.0,stage_out-mutation_overlap,1.5,tmpfs,1,tmpfs,52,0.0007586894510598638,0.0007586894510598638,0.0
mutation_overlap,1.0,stage_out-mutation_overlap,1.5,tmpfs,1,tmpfs,54,0.0007586894510598638,0.0007586894510598638,0.0
mutation_overlap,1.0,stage_out-mutation_overlap,1.5,tmpfs,1,tmpfs,57,0.0007586894510598638,0.0007586894510598638,0.0
mutation_overlap,1.0,stage_out-mutation_overlap,1.5,tmpfs,1,tmpfs,58,0.0007586894510598638,0.0007586894510598638,0.0
mutation_overlap,1.0,stage_out-mutation_overlap,1.5,tmpfs,1,tmpfs,59,0.0007586894510598638,0.0007586894510598638,0.0
mutation_overlap,1.0,stage_out-mutation_overlap,1.5,tmpfs,1,tmpfs,60,0.0007586894510598638,0.0007586894510598638,0.0
mutation_overlap,1.0,stage_out-mutation_overlap,1.5,ssd,1,ssd,5,0.0022244981877407965,0.0022244981877407965,0.0
mutation_overlap,1.0,stage_out-mutation_overlap,1.5,ssd,1,ssd,10,0.0022244981877407965,0.0022244981877407965,0.0
mutation_overlap,1.0,stage_out-mutation_overlap,1.5,ssd,1,ssd,15,0.0022244981877407965,0.0022244981877407965,0.0
mutation_overlap,1.0,stage_out-mutation_overlap,1.5,ssd,1,ssd,20,0.0022244981877407965,0.0022244981877407965,0.0
mutation_overlap,1.0,stage_out-mutation_overlap,1.5,ssd,1,ssd,30,0.0022244981877407965,0.0022244981877407965,0.0
mutation_overlap,1.0,stage_out-mutation_overlap,1.5,ssd,1,ssd,35,0.0022244981877407965,0.0022244981877407965,0.0
mutation_overlap,1.0,stage_out-mutation_overlap,1.5,ssd,1,ssd,36,0.0022244981877407965,0.0022244981877407965,0.0
mutation_overlap,1.0,stage_out-mutation_overlap,1.5,ssd,1,ssd,50,0.0022244981877407965,0.0022244981877407965,0.0
mutation_overlap,1.0,stage_out-mutation_overlap,1.5,ssd,1,ssd,52,0.0022244981877407965,0.0022244981877407965,0.0
mutation_overlap,1.0,stage_out-mutation_overlap,1.5,ssd,1,ssd,54,0.0022244981877407965,0.0022244981877407965,0.0
mutation_overlap,1.0,stage_out-mutation_overlap,1.5,ssd,1,ssd,57,0.0022244981877407965,0.0022244981877407965,0.0
mutation_overlap,1.0,stage_out-mutation_overlap,1.5,ssd,1,ssd,58,0.0022244981877407965,0.0022244981877407965,0.0
mutation_overlap,1.0,stage_out-mutation_overlap,1.5,ssd,1,ssd,59,0.0022244981877407965,0.0022244981877407965,0.0
mutation_overlap,1.0,stage_out-mutation_overlap,1.5,ssd,1,ssd,60,0.0022244981877407965,0.0022244981877407965,0.0
mutation_overlap,1.0,stage_out-mutation_overlap,1.5,beegfs,1,beegfs,5,0.00260958104071099,0.00260958104071099,0.0
mutation_overlap,1.0,stage_out-mutation_overlap,1.5,beegfs,1,beegfs,10,0.00260958104071099,0.00260958104071099,0.0
mutation_overlap,1.0,stage_out-mutation_overlap,1.5,beegfs,1,beegfs,15,0.00260958104071099,0.00260958104071099,0.0
mutation_overlap,1.0,stage_out-mutation_overlap,1.5,beegfs,1,beegfs,20,0.00260958104071099,0.00260958104071099,0.0
mutation_overlap,1.0,stage_out-mutation_overlap,1.5,beegfs,1,beegfs,30,0.00260958104071099,0.00260958104071099,0.0
mutation_overlap,1.0,stage_out-mutation_overlap,1.5,beegfs,1,beegfs,35,0.00260958104071099,0.00260958104071099,0.0
mutation_overlap,1.0,stage_out-mutation_overlap,1.5,beegfs,1,beegfs,36,0.00260958104071099,0.00260958104071099,0.0
mutation_overlap,1.0,stage_out-mutation_overlap,1.5,beegfs,1,beegfs,50,0.00260958104071099,0.00260958104071099,0.0
mutation_overlap,1.0,stage_out-mutation_overlap,1.5,beegfs,1,beegfs,52,0.00260958104071099,0.00260958104071099,0.0
mutation_overlap,1.0,stage_out-mutation_overlap,1.5,beegfs,1,beegfs,54,0.00260958104071099,0.00260958104071099,0.0
mutation_overlap,1.0,stage_out-mutation_overlap,1.5,beegfs,1,beegfs,57,0.00260958104071099,0.00260958104071099,0.0
mutation_overlap,1.0,stage_out-mutation_overlap,1.5,beegfs,1,beegfs,58,0.00260958104071099,0.00260958104071099,0.0
mutation_overlap,1.0,stage_out-mutation_overlap,1.5,beegfs,1,beegfs,59,0.00260958104071099,0.00260958104071099,0.0
mutation_overlap,1.0,stage_out-mutation_overlap,1.5,beegfs,1,beegfs,60,0.00260958104071099,0.00260958104071099,0.0
frequency,1.0,stage_out-frequency,1.5,tmpfs,1,tmpfs,5,0.004612808146977419,0.004612808146977419,0.0
frequency,1.0,stage_out-frequency,1.5,tmpfs,1,tmpfs,10,0.004612808146977419,0.004612808146977419,0.0
frequency,1.0,stage_out-frequency,1.5,tmpfs,1,tmpfs,15,0.004612808146977419,0.004612808146977419,0.0
frequency,1.0,stage_out-frequency,1.5,tmpfs,1,tmpfs,20,0.004612808146977419,0.004612808146977419,0.0
frequency,1.0,stage_out-frequency,1.5,tmpfs,1,tmpfs,30,0.004612808146977419,0.004612808146977419,0.0
frequency,1.0,stage_out-frequency,1.5,tmpfs,1,tmpfs,35,0.004612808146977419,0.004612808146977419,0.0
frequency,1.0,stage_out-frequency,1.5,tmpfs,1,tmpfs,36,0.004612808146977419,0.004612808146977419,0.0
frequency,1.0,stage_out-frequency,1.5,tmpfs,1,tmpfs,50,0.004612808146977419,0.004612808146977419,0.0
frequency,1.0,stage_out-frequency,1.5,tmpfs,1,tmpfs,52,0.004612808146977419,0.004612808146977419,0.0
frequency,1.0,stage_out-frequency,1.5,tmpfs,1,tmpfs,54,0.004612808146977419,0.004612808146977419,0.0
frequency,1.0,stage_out-frequency,1.5,tmpfs,1,tmpfs,57,0.004612808146977419,0.004612808146977419,0.0
frequency,1.0,stage_out-frequency,1.5,tmpfs,1,tmpfs,58,0.004612808146977419,0.004612808146977419,0.0
frequency,1.0,stage_out-frequency,1.5,tmpfs,1,tmpfs,59,0.004612808146977419,0.004612808146977419,0.0
frequency,1.0,stage_out-frequency,1.5,tmpfs,1,tmpfs,60,0.004612808146977419,0.004612808146977419,0.0
individuals_merge,1.0,stage_out-individuals_merge,1.5,ssd,1,ssd,5,0.004748984851529508,0.004748984851529508,0.0
individuals_merge,1.0,stage_out-individuals_merge,1.5,ssd,1,ssd,10,0.004748984851529508,0.004748984851529508,0.0
individuals_merge,1.0,stage_out-individuals_merge,1.5,ssd,1,ssd,15,0.004748984851529508,0.004748984851529508,0.0
individuals_merge,1.0,stage_out-individuals_merge,1.5,ssd,1,ssd,20,0.004748984851529508,0.004748984851529508,0.0
individuals_merge,1.0,stage_out-individuals_merge,1.5,ssd,1,ssd,30,0.004748984851529508,0.004748984851529508,0.0
individuals_merge,1.0,stage_out-individuals_merge,1.5,ssd,1,ssd,35,0.004748984851529508,0.004748984851529508,0.0
individuals_merge,1.0,stage_out-individuals_merge,1.5,ssd,1,ssd,36,0.004748984851529508,0.004748984851529508,0.0
individuals_merge,1.0,stage_out-individuals_merge,1.5,ssd,1,ssd,50,0.004748984851529508,0.004748984851529508,0.0
individuals_merge,1.0,stage_out-individuals_merge,1.5,ssd,1,ssd,52,0.004748984851529508,0.004748984851529508,0.0
individuals_merge,1.0,stage_out-individuals_merge,1.5,ssd,1,ssd,54,0.004748984851529508,0.004748984851529508,0.0
individuals_merge,1.0,stage_out-individuals_merge,1.5,ssd,1,ssd,57,0.004748984851529508,0.004748984851529508,0.0
individuals_merge,1.0,stage_out-individuals_merge,1.5,ssd,1,ssd,58,0.004748984851529508,0.004748984851529508,0.0
individuals_merge,1.0,stage_out-individuals_merge,1.5,ssd,1,ssd,59,0.004748984851529508,0.004748984851529508,0.0
individuals_merge,1.0,stage_out-individuals_merge,1.5,ssd,1,ssd,60,0.004748984851529508,0.004748984851529508,0.0
individuals_merge,1.0,stage_out-individuals_merge,1.5,tmpfs,1,tmpfs,5,0.007059479699570792,0.007059479699570792,0.0
individuals_merge,1.0,stage_out-individuals_merge,1.5,tmpfs,1,tmpfs,10,0.007059479699570792,0.007059479699570792,0.0
individuals_merge,1.0,stage_out-individuals_merge,1.5,tmpfs,1,tmpfs,15,0.007059479699570792,0.007059479699570792,0.0
individuals_merge,1.0,stage_out-individuals_merge,1.5,tmpfs,1,tmpfs,20,0.007059479699570792,0.007059479699570792,0.0
individuals_merge,1.0,stage_out-individuals_merge,1.5,tmpfs,1,tmpfs,30,0.007059479699570792,0.007059479699570792,0.0
individuals_merge,1.0,stage_out-individuals_merge,1.5,tmpfs,1,tmpfs,35,0.007059479699570792,0.007059479699570792,0.0
individuals_merge,1.0,stage_out-individuals_merge,1.5,tmpfs,1,tmpfs,36,0.007059479699570792,0.007059479699570792,0.0
individuals_merge,1.0,stage_out-individuals_merge,1.5,tmpfs,1,tmpfs,50,0.007059479699570792,0.007059479699570792,0.0
individuals_merge,1.0,stage_out-individuals_merge,1.5,tmpfs,1,tmpfs,52,0.007059479699570792,0.007059479699570792,0.0
individuals_merge,1.0,stage_out-individuals_merge,1.5,tmpfs,1,tmpfs,54,0.007059479699570792,0.007059479699570792,0.0
individuals_merge,1.0,stage_out-individuals_merge,1.5,tmpfs,1,tmpfs,57,0.007059479699570792,0.007059479699570792,0.0
individuals_merge,1.0,stage_out-individuals_merge,1.5,tmpfs,1,tmpfs,58,0.007059479699570792,0.007059479699570792,0.0
individuals_merge,1.0,stage_out-individuals_merge,1.5,tmpfs,1,tmpfs,59,0.007059479699570792,0.007059479699570792,0.0
individuals_merge,1.0,stage_out-individuals_merge,1.5,tmpfs,1,tmpfs,60,0.007059479699570792,0.007059479699570792,0.0
frequency,1.0,stage_out-frequency,1.5,beegfs,1,beegfs,5,0.01094049622092655,0.01094049622092655,0.0
frequency,1.0,stage_out-frequency,1.5,beegfs,1,beegfs,10,0.01094049622092655,0.01094049622092655,0.0
frequency,1.0,stage_out-frequency,1.5,beegfs,1,beegfs,15,0.01094049622092655,0.01094049622092655,0.0
frequency,1.0,stage_out-frequency,1.5,beegfs,1,beegfs,20,0.01094049622092655,0.01094049622092655,0.0
frequency,1.0,stage_out-frequency,1.5,beegfs,1,beegfs,30,0.01094049622092655,0.01094049622092655,0.0
frequency,1.0,stage_out-frequency,1.5,beegfs,1,beegfs,35,0.01094049622092655,0.01094049622092655,0.0
frequency,1.0,stage_out-frequency,1.5,beegfs,1,beegfs,36,0.01094049622092655,0.01094049622092655,0.0
frequency,1.0,stage_out-frequency,1.5,beegfs,1,beegfs,50,0.01094049622092655,0.01094049622092655,0.0
frequency,1.0,stage_out-frequency,1.5,beegfs,1,beegfs,52,0.01094049622092655,0.01094049622092655,0.0
frequency,1.0,stage_out-frequency,1.5,beegfs,1,beegfs,54,0.01094049622092655,0.01094049622092655,0.0
frequency,1.0,stage_out-frequency,1.5,beegfs,1,beegfs,57,0.01094049622092655,0.01094049622092655,0.0
frequency,1.0,stage_out-frequency,1.5,beegfs,1,beegfs,58,0.01094049622092655,0.01094049622092655,0.0
frequency,1.0,stage_out-frequency,1.5,beegfs,1,beegfs,59,0.01094049622092655,0.01094049622092655,0.0
frequency,1.0,stage_out-frequency,1.5,beegfs,1,beegfs,60,0.01094049622092655,0.01094049622092655,0.0
individuals_merge,1.0,stage_out-individuals_merge,1.5,beegfs,1,beegfs,5,0.024399890962709957,0.024399890962709957,0.0
individuals_merge,1.0,stage_out-individuals_merge,1.5,beegfs,1,beegfs,10,0.024399890962709957,0.024399890962709957,0.0
individuals_merge,1.0,stage_out-individuals_merge,1.5,beegfs,1,beegfs,15,0.024399890962709957,0.024399890962709957,0.0
individuals_merge,1.0,stage_out-individuals_merge,1.5,beegfs,1,beegfs,20,0.024399890962709957,0.024399890962709957,0.0
individuals_merge,1.0,stage_out-individuals_merge,1.5,beegfs,1,beegfs,30,0.024399890962709957,0.024399890962709957,0.0
individuals_merge,1.0,stage_out-individuals_merge,1.5,beegfs,1,beegfs,35,0.024399890962709957,0.024399890962709957,0.0
individuals_merge,1.0,stage_out-individuals_merge,1.5,beegfs,1,beegfs,36,0.024399890962709957,0.024399890962709957,0.0
individuals_merge,1.0,stage_out-individuals_merge,1.5,beegfs,1,beegfs,50,0.024399890962709957,0.024399890962709957,0.0
individuals_merge,1.0,stage_out-individuals_merge,1.5,beegfs,1,beegfs,52,0.024399890962709957,0.024399890962709957,0.0
individuals_merge,1.0,stage_out-individuals_merge,1.5,beegfs,1,beegfs,54,0.024399890962709957,0.024399890962709957,0.0
individuals_merge,1.0,stage_out-individuals_merge,1.5,beegfs,1,beegfs,57,0.024399890962709957,0.024399890962709957,0.0
individuals_merge,1.0,stage_out-individuals_merge,1.5,beegfs,1,beegfs,58,0.024399890962709957,0.024399890962709957,0.0
individuals_merge,1.0,stage_out-individuals_merge,1.5,beegfs,1,beegfs,59,0.024399890962709957,0.024399890962709957,0.0
individuals_merge,1.0,stage_out-individuals_merge,1.5,beegfs,1,beegfs,60,0.024399890962709957,0.024399890962709957,0.0
frequency,1.0,stage_out-frequency,1.5,ssd,1,ssd,5,0.029038056726342524,0.029038056726342524,0.0
frequency,1.0,stage_out-frequency,1.5,ssd,1,ssd,10,0.029038056726342524,0.029038056726342524,0.0
frequency,1.0,stage_out-frequency,1.5,ssd,1,ssd,15,0.029038056726342524,0.029038056726342524,0.0
frequency,1.0,stage_out-frequency,1.5,ssd,1,ssd,20,0.029038056726342524,0.029038056726342524,0.0
frequency,1.0,stage_out-frequency,1.5,ssd,1,ssd,30,0.029038056726342524,0.029038056726342524,0.0
frequency,1.0,stage_out-frequency,1.5,ssd,1,ssd,35,0.029038056726342524,0.029038056726342524,0.0
frequency,1.0,stage_out-frequency,1.5,ssd,1,ssd,36,0.029038056726342524,0.029038056726342524,0.0
frequency,1.0,stage_out-frequency,1.5,ssd,1,ssd,50,0.029038056726342524,0.029038056726342524,0.0
frequency,1.0,stage_out-frequency,1.5,ssd,1,ssd,52,0.029038056726342524,0.029038056726342524,0.0
frequency,1.0,stage_out-frequency,1.5,ssd,1,ssd,54,0.029038056726342524,0.029038056726342524,0.0
frequency,1.0,stage_out-frequency,1.5,ssd,1,ssd,57,0.029038056726342524,0.029038056726342524,0.0
frequency,1.0,stage_out-frequency,1.5,ssd,1,ssd,58,0.029038056726342524,0.029038056726342524,0.0
frequency,1.0,stage_out-frequency,1.5,ssd,1,ssd,59,0.029038056726342524,0.029038056726342524,0.0
frequency,1.0,stage_out-frequency,1.5,ssd,1,ssd,60,0.029038056726342524,0.029038056726342524,0.0
individuals,1.0,stage_out-individuals,1.5,ssd,30,ssd,5,0.04792121182399021,0.04792121182399021,0.0
individuals,1.0,stage_out-individuals,1.5,ssd,30,ssd,10,0.04792121182399021,0.04792121182399021,0.0
individuals,1.0,stage_out-individuals,1.5,ssd,30,ssd,15,0.04792121182399021,0.04792121182399021,0.0
individuals,1.0,stage_out-individuals,1.5,ssd,30,ssd,20,0.04792121182399021,0.04792121182399021,0.0
individuals,1.0,stage_out-individuals,1.5,ssd,30,ssd,30,0.04792121182399021,0.04792121182399021,0.0
individuals,1.0,stage_out-individuals,1.5,ssd,30,ssd,35,0.04792121182399021,0.04792121182399021,0.0
individuals,1.0,stage_out-individuals,1.5,ssd,30,ssd,36,0.04792121182399021,0.04792121182399021,0.0
individuals,1.0,stage_out-individuals,1.5,ssd,30,ssd,50,0.04792121182399021,0.04792121182399021,0.0
individuals,1.0,stage_out-individuals,1.5,ssd,30,ssd,52,0.04792121182399021,0.04792121182399021,0.0
individuals,1.0,stage_out-individuals,1.5,ssd,30,ssd,54,0.04792121182399021,0.04792121182399021,0.0
individuals,1.0,stage_out-individuals,1.5,ssd,30,ssd,57,0.04792121182399021,0.04792121182399021,0.0
individuals,1.0,stage_out-individuals,1.5,ssd,30,ssd,58,0.04792121182399021,0.04792121182399021,0.0
individuals,1.0,stage_out-individuals,1.5,ssd,30,ssd,59,0.04792121182399021,0.04792121182399021,0.0
individuals,1.0,stage_out-individuals,1.5,ssd,30,ssd,60,0.04792121182399021,0.04792121182399021,0.0
individuals,1.0,stage_out-individuals,1.5,tmpfs,30,tmpfs,5,0.0549227774571394,0.0549227774571394,0.0
individuals,1.0,stage_out-individuals,1.5,tmpfs,30,tmpfs,10,0.0549227774571394,0.0549227774571394,0.0
individuals,1.0,stage_out-individuals,1.5,tmpfs,30,tmpfs,15,0.0549227774571394,0.0549227774571394,0.0
individuals,1.0,stage_out-individuals,1.5,tmpfs,30,tmpfs,20,0.0549227774571394,0.0549227774571394,0.0
individuals,1.0,stage_out-individuals,1.5,tmpfs,30,tmpfs,30,0.0549227774571394,0.0549227774571394,0.0
individuals,1.0,stage_out-individuals,1.5,tmpfs,30,tmpfs,35,0.0549227774571394,0.0549227774571394,0.0
individuals,1.0,stage_out-individuals,1.5,tmpfs,30,tmpfs,36,0.0549227774571394,0.0549227774571394,0.0
individuals,1.0,stage_out-individuals,1.5,tmpfs,30,tmpfs,50,0.0549227774571394,0.0549227774571394,0.0
individuals,1.0,stage_out-individuals,1.5,tmpfs,30,tmpfs,52,0.0549227774571394,0.0549227774571394,0.0
individuals,1.0,stage_out-individuals,1.5,tmpfs,30,tmpfs,54,0.0549227774571394,0.0549227774571394,0.0
individuals,1.0,stage_out-individuals,1.5,tmpfs,30,tmpfs,57,0.0549227774571394,0.0549227774571394,0.0
individuals,1.0,stage_out-individuals,1.5,tmpfs,30,tmpfs,58,0.0549227774571394,0.0549227774571394,0.0
individuals,1.0,stage_out-individuals,1.5,tmpfs,30,tmpfs,59,0.0549227774571394,0.0549227774571394,0.0
individuals,1.0,stage_out-individuals,1.5,tmpfs,30,tmpfs,60,0.0549227774571394,0.0549227774571394,0.0
sifting,1.0,stage_out-sifting,1.5,ssd,1,ssd,5,0.1745151272788752,0.1745151272788752,0.0
sifting,1.0,stage_out-sifting,1.5,ssd,1,ssd,10,0.1745151272788752,0.1745151272788752,0.0
sifting,1.0,stage_out-sifting,1.5,ssd,1,ssd,15,0.1745151272788752,0.1745151272788752,0.0
sifting,1.0,stage_out-sifting,1.5,ssd,1,ssd,20,0.1745151272788752,0.1745151272788752,0.0
sifting,1.0,stage_out-sifting,1.5,ssd,1,ssd,30,0.1745151272788752,0.1745151272788752,0.0
sifting,1.0,stage_out-sifting,1.5,ssd,1,ssd,35,0.1745151272788752,0.1745151272788752,0.0
sifting,1.0,stage_out-sifting,1.5,ssd,1,ssd,36,0.1745151272788752,0.1745151272788752,0.0
sifting,1.0,stage_out-sifting,1.5,ssd,1,ssd,50,0.1745151272788752,0.1745151272788752,0.0
sifting,1.0,stage_out-sifting,1.5,ssd,1,ssd,52,0.1745151272788752,0.1745151272788752,0.0
sifting,1.0,stage_out-sifting,1.5,ssd,1,ssd,54,0.1745151272788752,0.1745151272788752,0.0
sifting,1.0,stage_out-sifting,1.5,ssd,1,ssd,57,0.1745151272788752,0.1745151272788752,0.0
sifting,1.0,stage_out-sifting,1.5,ssd,1,ssd,58,0.1745151272788752,0.1745151272788752,0.0
sifting,1.0,stage_out-sifting,1.5,ssd,1,ssd,59,0.1745151272788752,0.1745151272788752,0.0
sifting,1.0,stage_out-sifting,1.5,ssd,1,ssd,60,0.1745151272788752,0.1745151272788752,0.0
sifting,1.0,stage_out-sifting,1.5,tmpfs,1,tmpfs,5,0.26187402485487965,0.26187402485487965,0.0
sifting,1.0,stage_out-sifting,1.5,tmpfs,1,tmpfs,10,0.26187402485487965,0.26187402485487965,0.0
sifting,1.0,stage_out-sifting,1.5,tmpfs,1,tmpfs,15,0.26187402485487965,0.26187402485487965,0.0
sifting,1.0,stage_out-sifting,1.5,tmpfs,1,tmpfs,20,0.26187402485487965,0.26187402485487965,0.0
sifting,1.0,stage_out-sifting,1.5,tmpfs,1,tmpfs,30,0.26187402485487965,0.26187402485487965,0.0
sifting,1.0,stage_out-sifting,1.5,tmpfs,1,tmpfs,35,0.26187402485487965,0.26187402485487965,0.0
sifting,1.0,stage_out-sifting,1.5,tmpfs,1,tmpfs,36,0.26187402485487965,0.26187402485487965,0.0
sifting,1.0,stage_out-sifting,1.5,tmpfs,1,tmpfs,50,0.26187402485487965,0.26187402485487965,0.0
sifting,1.0,stage_out-sifting,1.5,tmpfs,1,tmpfs,52,0.26187402485487965,0.26187402485487965,0.0
sifting,1.0,stage_out-sifting,1.5,tmpfs,1,tmpfs,54,0.26187402485487965,0.26187402485487965,0.0
sifting,1.0,stage_out-sifting,1.5,tmpfs,1,tmpfs,57,0.26187402485487965,0.26187402485487965,0.0
sifting,1.0,stage_out-sifting,1.5,tmpfs,1,tmpfs,58,0.26187402485487965,0.26187402485487965,0.0
sifting,1.0,stage_out-sifting,1.5,tmpfs,1,tmpfs,59,0.26187402485487965,0.26187402485487965,0.0
sifting,1.0,stage_out-sifting,1.5,tmpfs,1,tmpfs,60,0.26187402485487965,0.26187402485487965,0.0
individuals,1.0,stage_out-individuals,1.5,beegfs,30,beegfs,5,0.4399620009456786,0.4399620009456786,0.0
individuals,1.0,stage_out-individuals,1.5,beegfs,30,beegfs,10,0.4399620009456786,0.4399620009456786,0.0
individuals,1.0,stage_out-individuals,1.5,beegfs,30,beegfs,15,0.4399620009456786,0.4399620009456786,0.0
individuals,1.0,stage_out-individuals,1.5,beegfs,30,beegfs,20,0.4399620009456786,0.4399620009456786,0.0
individuals,1.0,stage_out-individuals,1.5,beegfs,30,beegfs,30,0.4399620009456786,0.4399620009456786,0.0
individuals,1.0,stage_out-individuals,1.5,beegfs,30,beegfs,35,0.4399620009456786,0.4399620009456786,0.0
individuals,1.0,stage_out-individuals,1.5,beegfs,30,beegfs,36,0.4399620009456786,0.4399620009456786,0.0
individuals,1.0,stage_out-individuals,1.5,beegfs,30,beegfs,50,0.4399620009456786,0.4399620009456786,0.0
individuals,1.0,stage_out-individuals,1.5,beegfs,30,beegfs,52,0.4399620009456786,0.4399620009456786,0.0
individuals,1.0,stage_out-individuals,1.5,beegfs,30,beegfs,54,0.4399620009456786,0.4399620009456786,0.0
individuals,1.0,stage_out-individuals,1.5,beegfs,30,beegfs,57,0.4399620009456786,0.4399620009456786,0.0
individuals,1.0,stage_out-individuals,1.5,beegfs,30,beegfs,58,0.4399620009456786,0.4399620009456786,0.0
individuals,1.0,stage_out-individuals,1.5,beegfs,30,beegfs,59,0.4399620009456786,0.4399620009456786,0.0
individuals,1.0,stage_out-individuals,1.5,beegfs,30,beegfs,60,0.4399620009456786,0.4399620009456786,0.0
sifting,1.0,stage_out-sifting,1.5,beegfs,1,beegfs,5,0.993282733733404,0.993282733733404,0.0
sifting,1.0,stage_out-sifting,1.5,beegfs,1,beegfs,10,0.993282733733404,0.993282733733404,0.0
sifting,1.0,stage_out-sifting,1.5,beegfs,1,beegfs,15,0.993282733733404,0.993282733733404,0.0
sifting,1.0,stage_out-sifting,1.5,beegfs,1,beegfs,20,0.993282733733404,0.993282733733404,0.0
sifting,1.0,stage_out-sifting,1.5,beegfs,1,beegfs,30,0.993282733733404,0.993282733733404,0.0
sifting,1.0,stage_out-sifting,1.5,beegfs,1,beegfs,35,0.993282733733404,0.993282733733404,0.0
sifting,1.0,stage_out-sifting,1.5,beegfs,1,beegfs,36,0.993282733733404,0.993282733733404,0.0
sifting,1.0,stage_out-sifting,1.5,beegfs,1,beegfs,50,0.993282733733404,0.993282733733404,0.0
sifting,1.0,stage_out-sifting,1.5,beegfs,1,beegfs,52,0.993282733733404,0.993282733733404,0.0
sifting,1.0,stage_out-sifting,1.5,beegfs,1,beegfs,54,0.993282733733404,0.993282733733404,0.0
sifting,1.0,stage_out-sifting,1.5,beegfs,1,beegfs,57,0.993282733733404,0.993282733733404,0.0
sifting,1.0,stage_out-sifting,1.5,beegfs,1,beegfs,58,0.993282733733404,0.993282733733404,0.0
sifting,1.0,stage_out-sifting,1.5,beegfs,1,beegfs,59,0.993282733733404,0.993282733733404,0.0
sifting,1.0,stage_out-sifting,1.5,beegfs,1,beegfs,60,0.993282733733404,0.993282733733404,0.0
individuals_merge,1.0,stage_out-individuals_merge,1.5,tmpfs,1,tmpfs-tmpfs,1,1.6550164993291632,0.00022582611973382687,1.6547906732094293
individuals_merge,1.0,stage_out-individuals_merge,1.5,ssd,1,ssd-ssd,1,1.6561420929886708,0.0014204880155076428,1.6547216049731632
individuals_merge,1.0,stage_out-individuals_merge,1.5,ssd,1,ssd-ssd,4,1.6728318947451728,0.0047464778744693865,1.6680854168707033
individuals_merge,1.0,stage_out-individuals_merge,1.5,ssd,1,ssd-ssd,6,1.6788875402924204,0.004748984851529508,1.674138555440891
individuals_merge,1.0,stage_out-individuals_merge,1.5,tmpfs,1,tmpfs-tmpfs,4,1.6824591430162221,0.0070565674537692484,1.6754025755624529
individuals_merge,1.0,stage_out-individuals_merge,1.5,tmpfs,1,tmpfs-tmpfs,6,1.6879806200248046,0.007059479699570792,1.6809211403252338
mutation_overlap,1.0,stage_out-mutation_overlap,1.5,ssd,1,ssd-ssd,4,3.365270281692498,0.0022244981877407965,3.363045783504757
mutation_overlap,1.0,stage_out-mutation_overlap,1.5,ssd,1,ssd-ssd,6,3.3774740824928364,0.0022244981877407965,3.3752495843050956
mutation_overlap,1.0,stage_out-mutation_overlap,1.5,tmpfs,1,tmpfs-tmpfs,4,3.378151429259132,0.000353439760219498,3.3777979894989127
mutation_overlap,1.0,stage_out-mutation_overlap,1.5,tmpfs,1,tmpfs-tmpfs,6,3.3896827194804904,0.0007586894510598638,3.3889240300294303
frequency,1.0,stage_out-frequency,1.5,ssd,1,ssd-ssd,4,14.486646255384498,0.029038056726342524,14.457608198658155
frequency,1.0,stage_out-frequency,1.5,tmpfs,1,tmpfs-tmpfs,4,14.52564018931389,0.004612808146977419,14.521027381166913
frequency,1.0,stage_out-frequency,1.5,ssd,1,ssd-ssd,6,14.539109939159237,0.029038056726342524,14.510071882432895
frequency,1.0,stage_out-frequency,1.5,tmpfs,1,tmpfs-tmpfs,6,14.573470621947779,0.004612808146977419,14.568857813800802
mutation_overlap,1.0,stage_out-mutation_overlap,1.5,beegfs,1,beegfs-ssd,6,271.72994247296174,0.00260958104071099,271.72733289192104
frequency,1.0,stage_out-frequency,1.5,beegfs,1,beegfs-ssd,6,271.738273388142,0.01094049622092655,271.72733289192104
individuals_merge,1.0,stage_out-individuals_merge,1.5,beegfs,1,beegfs-ssd,6,271.7517327828837,0.024399890962709957,271.72733289192104
individuals,1.0,stage_out-individuals,1.5,beegfs,30,beegfs-ssd,6,272.1672948928667,0.4399620009456786,271.72733289192104
mutation_overlap,1.0,stage_out-mutation_overlap,1.5,beegfs,1,beegfs-ssd,4,286.45188544812396,0.0008379158119179278,286.45104753231203
individuals,1.0,stage_out-individuals,1.5,beegfs,30,beegfs-ssd,4,286.45240323395205,0.0013557016400139617,286.45104753231203
individuals,1.0,stage_out-individuals,1.5,beegfs,30,beegfs-ssd,3,286.45240323395205,0.0013557016400139617,286.45104753231203
frequency,1.0,stage_out-frequency,1.5,beegfs,1,beegfs-ssd,4,286.46198802853297,0.01094049622092655,286.45104753231203
individuals_merge,1.0,stage_out-individuals_merge,1.5,beegfs,1,beegfs-ssd,4,286.4754474232747,0.024399890962709957,286.45104753231203
mutation_overlap,1.0,stage_out-mutation_overlap,1.5,beegfs,1,beegfs-tmpfs,6,323.96828318435354,0.00260958104071099,323.96567360331284
frequency,1.0,stage_out-frequency,1.5,beegfs,1,beegfs-tmpfs,6,323.9766140995338,0.01094049622092655,323.96567360331284
individuals_merge,1.0,stage_out-individuals_merge,1.5,beegfs,1,beegfs-tmpfs,6,323.9900734942755,0.024399890962709957,323.96567360331284
individuals,1.0,stage_out-individuals,1.5,beegfs,30,beegfs-tmpfs,6,324.4056356042585,0.4399620009456786,323.96567360331284
mutation_overlap,1.0,stage_out-mutation_overlap,1.5,tmpfs,1,tmpfs-beegfs,6,331.4975290319949,0.0007586894510598638,331.4967703425438
frequency,1.0,stage_out-frequency,1.5,tmpfs,1,tmpfs-beegfs,6,331.5013831506908,0.004612808146977419,331.4967703425438
individuals_merge,1.0,stage_out-individuals_merge,1.5,tmpfs,1,tmpfs-beegfs,6,331.5038298222434,0.007059479699570792,331.4967703425438
individuals,1.0,stage_out-individuals,1.5,tmpfs,30,tmpfs-beegfs,6,331.55169312000095,0.0549227774571394,331.4967703425438
sifting,1.0,stage_out-sifting,1.5,tmpfs,1,tmpfs-beegfs,6,331.7586443673987,0.26187402485487965,331.4967703425438
individuals,1.0,stage_out-individuals,1.5,tmpfs,30,tmpfs-beegfs,4,354.0469669230519,8.498473563993436e-05,354.0468819383163
individuals,1.0,stage_out-individuals,1.5,tmpfs,30,tmpfs-beegfs,3,354.0469669230519,8.498473563993436e-05,354.0468819383163
mutation_overlap,1.0,stage_out-mutation_overlap,1.5,tmpfs,1,tmpfs-beegfs,4,354.0472353780765,0.000353439760219498,354.0468819383163
frequency,1.0,stage_out-frequency,1.5,tmpfs,1,tmpfs-beegfs,4,354.0514947464633,0.004612808146977419,354.0468819383163
individuals_merge,1.0,stage_out-individuals_merge,1.5,tmpfs,1,tmpfs-beegfs,4,354.0539385057701,0.0070565674537692484,354.0468819383163
sifting,1.0,stage_out-sifting,1.5,beegfs,1,beegfs-ssd,2,355.13372936371974,0.993282733733404,354.14044662998634
mutation_overlap,1.0,stage_out-mutation_overlap,1.5,beegfs,1,beegfs-tmpfs,4,392.5328584892021,0.0008379158119179278,392.5320205733902
individuals,1.0,stage_out-individuals,1.5,beegfs,30,beegfs-tmpfs,4,392.5333762750302,0.0013557016400139617,392.5320205733902
individuals,1.0,stage_out-individuals,1.5,beegfs,30,beegfs-tmpfs,3,392.5333762750302,0.0013557016400139617,392.5320205733902
frequency,1.0,stage_out-frequency,1.5,beegfs,1,beegfs-tmpfs,4,392.5429610696111,0.01094049622092655,392.5320205733902
individuals_merge,1.0,stage_out-individuals_merge,1.5,beegfs,1,beegfs-tmpfs,4,392.55642046435287,0.024399890962709957,392.5320205733902
sifting,1.0,stage_out-sifting,1.5,tmpfs,1,tmpfs-beegfs,2,426.0499955052081,0.26187402485487965,425.7881214803532
sifting,1.0,stage_out-sifting,1.5,beegfs,1,beegfs-tmpfs,2,512.7101222314782,0.993282733733404,511.7168394977448
individuals,1.0,stage_out-individuals,1.5,tmpfs,30,tmpfs-beegfs,1,759.290694352186,8.4978561009923e-05,759.290609373625
sifting,1.0,stage_out-sifting,1.5,tmpfs,1,tmpfs-beegfs,1,759.2907736960939,0.00016432246883716316,759.290609373625
mutation_overlap,1.0,stage_out-mutation_overlap,1.5,tmpfs,1,tmpfs-beegfs,1,759.2909627937022,0.00035342007724378457,759.290609373625
frequency,1.0,stage_out-frequency,1.5,tmpfs,1,tmpfs-beegfs,1,759.2952221547313,0.004612781106265151,759.290609373625
individuals_merge,1.0,stage_out-individuals_merge,1.5,tmpfs,1,tmpfs-beegfs,1,759.2976688533246,0.007059479699570792,759.290609373625
sifting,1.0,stage_out-sifting,1.5,beegfs,1,beegfs-ssd,1,760.9604681911339,0.0003896147864368522,760.9600785763475
individuals_merge,1.0,stage_out-individuals_merge,1.5,beegfs,1,beegfs-ssd,1,760.9606139338338,0.0005353574861747971,760.9600785763475
sifting,1.0,stage_out-sifting,1.5,beegfs,1,beegfs-tmpfs,1,1010.4237459131303,0.0003896147864368522,1010.423356298344
individuals_merge,1.0,stage_out-individuals_merge,1.5,beegfs,1,beegfs-tmpfs,1,1010.4238916558302,0.0005353574861747971,1010.423356298344
sifting,1.0,stage_out-sifting,1.5,ssd,1,ssd-ssd,1,1252.055339670545,0.0010347834611798609,1252.0543048870838
sifting,1.0,stage_out-sifting,1.5,ssd,1,ssd-ssd,2,1252.9166875233605,0.1745151272788752,1252.7421723960815
sifting,1.0,stage_out-sifting,1.5,tmpfs,1,tmpfs-tmpfs,1,1253.6070227055277,0.00016432246883716316,1253.6068583830588
sifting,1.0,stage_out-sifting,1.5,tmpfs,1,tmpfs-tmpfs,2,1254.8639537149254,0.26187402485487965,1254.6020796900705
individuals,1.0,stage_out-individuals,1.5,ssd,30,ssd-ssd,3,1302.2751235186695,0.002352653040110862,1302.2727708656294
individuals,1.0,stage_out-individuals,1.5,ssd,30,ssd-ssd,4,1302.3346499998743,0.002353328832828427,1302.3322966710414
individuals,1.0,stage_out-individuals,1.5,ssd,30,ssd-ssd,6,1302.890662382412,0.04792121182399021,1302.8427411705882
individuals,1.0,stage_out-individuals,1.5,tmpfs,30,tmpfs-tmpfs,4,1305.0248193108823,8.498473563993436e-05,1305.0247343261467
individuals,1.0,stage_out-individuals,1.5,tmpfs,30,tmpfs-tmpfs,3,1305.0248193108823,8.498473563993436e-05,1305.0247343261467
individuals,1.0,stage_out-individuals,1.5,tmpfs,30,tmpfs-tmpfs,6,1306.8184587637938,0.0549227774571394,1306.7635359863366
mutation_overlap,1.0,stage_out-mutation_overlap,1.5,ssd,1,ssd-beegfs,6,1784.4162483163727,0.0022244981877407965,1784.414023818185
individuals_merge,1.0,stage_out-individuals_merge,1.5,ssd,1,ssd-beegfs,6,1784.4187728030365,0.004748984851529508,1784.414023818185
frequency,1.0,stage_out-frequency,1.5,ssd,1,ssd-beegfs,6,1784.4430618749113,0.029038056726342524,1784.414023818185
individuals,1.0,stage_out-individuals,1.5,ssd,30,ssd-beegfs,6,1784.4619450300088,0.04792121182399021,1784.414023818185
sifting,1.0,stage_out-sifting,1.5,ssd,1,ssd-beegfs,6,1784.5885389454638,0.1745151272788752,1784.414023818185
mutation_overlap,1.0,stage_out-mutation_overlap,1.5,ssd,1,ssd-beegfs,4,1803.1387778911935,0.0022244981877407965,1803.1365533930057
individuals,1.0,stage_out-individuals,1.5,ssd,30,ssd-beegfs,3,1803.1389060460458,0.002352653040110862,1803.1365533930057
individuals,1.0,stage_out-individuals,1.5,ssd,30,ssd-beegfs,4,1803.1389067218386,0.002353328832828427,1803.1365533930057
individuals_merge,1.0,stage_out-individuals_merge,1.5,ssd,1,ssd-beegfs,4,1803.1412998708802,0.0047464778744693865,1803.1365533930057
frequency,1.0,stage_out-frequency,1.5,ssd,1,ssd-beegfs,4,1803.1655914497321,0.029038056726342524,1803.1365533930057
sifting,1.0,stage_out-sifting,1.5,ssd,1,ssd-beegfs,2,1822.8031406689306,0.1745151272788752,1822.6286255416517
sifting,1.0,stage_out-sifting,1.5,ssd,1,ssd-beegfs,1,2138.1072358371534,0.0010347834611798609,2138.106201053692
mutation_overlap,1.0,stage_out-mutation_overlap,1.5,ssd,1,ssd-beegfs,1,2138.108425259708,0.0022242060156742356,2138.106201053692
individuals,1.0,stage_out-individuals,1.5,ssd,30,ssd-beegfs,1,2138.108553706732,0.002352653040110862,2138.106201053692
individuals_merge,1.0,stage_out-individuals_merge,1.5,ssd,1,ssd-beegfs,1,2138.1109500385437,0.004748984851529508,2138.106201053692
frequency,1.0,stage_out-frequency,1.5,ssd,1,ssd-beegfs,1,2138.1352387095208,0.029037655828555702,2138.106201053692
